[
  {
    "id": 1,
    "text": "إنما الأعمال بالنيات، وإنما لكل امرئ ما نوى.",
    "source": "صحيح البخاري، كتاب بدء الوحي، حديث رقم 1",
    "tafsir": "النية أساس العمل، وتحدد قبوله عند الله.",
    "application": "يجب على المسلم أن يستحضر النية في كل عمل يعمله ابتغاء وجه الله."
  },
  {
    "id": 2,
    "text": "من لا يشكر الناس لا يشكر الله.",
    "source": "سنن أبي داود، كتاب الأدب، حديث رقم 4811",
    "tafsir": "شكر الناس دليل على حسن الخلق والاعتراف بالفضل.",
    "application": "اشكر من قدم لك معروفًا، فهذا من الإيمان."
  }
]